symbol,name,shares,volume,open,high,low,close,ret
1101,台泥,29217416,1515662783,53.9,53.9,50.8,51.2,0.004
1102,亞泥,17140497,883820108,54,54,50.1,50.6,0.005
1103,嘉泥,1490764,32132929,21.6,21.8,21.2,21.7,0.005
1104,環泥,804577,17983730,22.45,22.75,22.1,22.35,0.0035
1108,幸福,3328084,46897607,13.7,14.5,13.6,14.25,0.007
1109,信大,990256,25821414,25.55,26.3,25.55,26.1,0.0085
1110,東泥,163000,2641750,16,16.4,15.95,16.15,0.0015
1201,味全,2424299,52040707,21.35,21.75,21.25,21.6,0.0045
1203,味王,83760,3003759,35.4,36.45,35.4,35.9,0.0045
1210,大成,2219070,126232492,57.4,57.5,56.5,56.9,0
1213,大飲,32701,261178,7.8,8.36,7.79,8.36,0.0034
1215,卜蜂,667524,51501679,77,77.5,76.9,77.4,0.005
1216,統一,8681137,650595765,75,76,74.1,75,0.005
1217,愛之味,37126987,482501064,13.4,13.5,12.65,12.9,-0.002
1218,泰山,1929132,56198217,29.4,29.7,28.9,29.15,0.0005
1219,福壽,2680563,60956816,22.7,23.2,22.35,23.05,0.0075
1220,台榮,1122064,17894679,16.1,16.2,15.65,16.05,0.0015
1225,福懋油,371612,16040777,43.1,44.4,42,43.6,0.006
1227,佳格,1310389,68367606,52.5,52.9,51.9,52.2,0.002
1229,聯華,1342886,63716278,47.45,47.85,47.05,47.65,0.0065
1231,聯華食,480709,28635861,60.2,60.2,59.3,59.6,0.002
1232,大統益,130814,21034642,161,162,159.5,161,0.02
1233,天仁,7085,245408,34.8,34.8,34.5,34.5,-0.004
1234,黑松,159862,5581853,34.6,35.1,34.6,34.85,0.003
1235,興泰,7000,227250,32.55,32.55,32.45,32.45,0
1236,宏亞,235267,3784224,16.45,16.5,15.7,16.1,-0.002
1256,鮮活果汁-KY,16303,7109924,436,439,430,437,0.09
1301,台塑,6506952,638064046,97.3,99.5,96.5,98.1,0.013
1303,南亞,5910059,485416369,82,83.6,81,82.4,0.009
1304,台聚,10453096,325308877,30.9,31.8,30.4,31.55,0.0115
1305,華夏,11702856,374532201,31.6,32.6,31.2,32.25,0.014
1307,三芳,377707,7929325,20.6,21.5,20.6,21.05,0.005
1308,亞聚,9423979,259175017,27.65,27.95,26.9,27.85,0.01
1309,台達化,11079376,422754777,36.9,39.35,36.7,39,0.027
1310,台苯,3053606,56512820,18.5,18.75,18.2,18.6,0.0045
1312,國喬,20068746,494226760,24.8,25,24.2,24.8,0.008
1313,聯成,18464811,415617202,22.8,23.1,22,22.8,0.0045
1314,中石化,74747781,909400322,12.35,12.45,11.85,12.2,0.002
1315,達新,90500,6352363,70,70.4,70,70.2,0.005
1316,上曜,525009,5792392,11.05,11.25,10.95,11,0.001
1319,東陽,1891955,60487302,32.65,32.85,31.75,32.1,0
1321,大洋,214072,7401279,34.5,34.95,34.3,34.5,0.005
1323,永裕,137884,4500187,32.5,32.85,32.5,32.85,0.002
1324,地球,76004,786790,10.4,10.45,10.3,10.35,0.001
1325,恆大,10651259,996324064,99,99.7,91.1,92.3,-0.062
1326,台化,6598418,557514102,85,86.4,83.5,84.2,0
1337,再生-KY,951937,7094178,7.46,7.58,7.36,7.45,0.001
1338,廣華-KY,209047,12322883,58.5,59.4,58.2,59.4,0.014
1339,昭輝,35000,1316100,37.5,37.85,37.3,37.6,0.0045
1340,勝悅-KY,224065,2301021,10.25,10.35,10.15,10.3,0.0005
1341,富林-KY,13006,1021442,79.5,79.5,77.9,78.9,-0.001
1342,八貫,24002,1222401,51.4,51.4,50.8,51.3,0.006
1402,遠東新,5925383,180828075,30.55,30.75,30.3,30.5,0.0015
1409,新纖,39507589,811163701,20,21.3,19.8,20.8,0.0095
1410,南染,37645,1299961,34.6,35.05,34.3,34.5,-0.003
1413,宏洲,2225548,26062680,10.95,12.35,10.6,12.35,0.011
1414,東和,15154535,272137152,17.75,18.6,17.2,18,0.007
1416,廣豐,315447,3353163,10.55,10.7,10.55,10.7,0.002
1417,嘉裕,8570622,132727475,15.2,16,14.7,15.4,0.008
1418,東華,22607,276058,12.5,12.5,11.9,12.4,-0.0025
1419,新紡,15051,579374,38.5,38.6,38.25,38.6,0.0085
1423,利華,305306,6255584,20.1,20.7,20.1,20.65,0.0085
1432,大魯閣,427072,6063022,13.55,14.3,13.55,14.3,0.013
1434,福懋,1358786,41287361,30.45,30.75,30.15,30.3,0.0005
1435,中福,103572,1593218,14.7,15.8,14.7,15.8,0.014
1436,華友聯,10166,400032,39,39.5,39,39.5,0.003
1437,勤益控,233271,5622135,24,24.2,23.95,24.15,0.0025
1438,三地開發,49892,1438091,28.85,29.3,28.7,29.3,0.005
1439,中和,92413,2226119,24.2,24.4,23.9,23.95,-0.0025
1440,南紡,73680987,1846232346,24.2,25.85,23.85,25.85,0.0235
1441,大東,2942205,36655035,11.95,12.9,11.75,12.9,0.0115
1442,名軒,180433,3091676,17.2,17.25,17.05,17.15,0.0035
1443,立益,74000,900400,12.15,12.25,12.05,12.25,0.0005
1444,力麗,27492175,324744016,11.75,12.1,11.45,11.95,0.006
1445,大宇,385002,4884474,12.5,12.9,12.5,12.7,0.0035
1446,宏和,63046,1722698,27.85,28.1,27.1,27.4,0.002
1447,力鵬,33726289,400980430,11.65,12.3,11.35,12.2,0.0095
1449,佳和,212142,3226180,15.1,15.5,14.85,15.4,0.006
1451,年興,1080508,21436813,19.35,20.3,19.25,20.15,0.012
1452,宏益,7652287,175694128,22.75,23.7,21.65,23.7,0.0215
1453,大將,396344,3546956,8.93,9.14,8.79,9,0.0028
1454,台富,288373,2846265,9.8,9.99,9.66,9.96,0.0031
1455,集盛,196534182,4452392119,22.5,23.75,21.65,23.75,0.0215
1456,怡華,476603,8227035,16.95,18,16.65,17.4,0.009
1457,宜進,11144188,195537410,17.2,18.2,16.6,17.7,0.01
1459,聯發,9323726,130111688,13.35,14.75,13.1,14.75,0.013
1460,宏遠,6108149,70854506,11.6,11.6,11.6,11.6,0.0105
1463,強盛,354382,4842424,13.3,13.95,13.25,13.85,0.0065
1464,得力,720133,11996660,16.5,16.9,16.4,16.85,0.0055
1465,偉全,46438,583951,12.65,12.65,12.5,12.65,0.0015
1466,聚隆,3708974,61025651,16,16.9,15.35,16.3,0.009
1467,南緯,3393544,62626074,19,19.15,18.2,18.3,-0.002
1468,昶和,193001,2451213,11.9,13.2,11.9,13.15,0.0115
1470,大統新創,185172,2851936,15.6,16.25,15.15,16,0.004
1471,首利,1785499,17358405,9.5,9.96,9.41,9.8,0.0039
1472,三洋紡,23003,234081,10.45,10.45,10.1,10.45,0.002
1473,台南,337362,5905439,17.25,17.65,17.25,17.65,0.005
1474,弘裕,5041206,76948629,14.8,15.7,14.55,15.7,0.014
1475,業旺,24701,817280,32.6,34.4,32.4,33.45,0.0115
1476,儒鴻,1744116,1104937689,637,642,623,637,0.22
1477,聚陽,6065721,1616381287,259,275,258,270.5,0.185
1503,士電,173637,8712878,50,50.6,49.95,50.3,0.005
1504,東元,1876846,58770260,31.1,31.85,31,31.25,0.002
1506,正道,316073,2979929,9.4,9.69,9.22,9.59,0.0019
1507,永大,118272,7229259,60.6,61.4,60.6,61.1,0.004
1512,瑞利,76012,354211,4.7,4.7,4.5,4.7,0.0025
1513,中興電,2735888,131549932,48.45,48.65,47.6,48.1,0.0055
1514,亞力,1098240,25383342,23.3,23.5,22.8,23.2,0.0045
1515,力山,2028081,139621748,67.6,70.4,67,70.1,0.035
1516,川飛,82370,1633890,19.5,20.25,19.5,20.25,0.009
1517,利奇,3416341,81372757,23.55,24.4,23.1,23.75,0.01
1519,華城,741227,30635158,41.2,42.15,40.9,41.15,0.0065
1521,大億,124120,5253000,42.6,42.7,42,42.25,0.001
1522,堤維西,329064,6688514,20.45,20.65,20.15,20.35,0.003
1524,耿鼎,257093,2480693,9.51,9.8,9.51,9.67,0.0024
1525,江申,58053,3601479,62,62.6,61.5,62.1,0.011
1526,日馳,572110,26160675,44.75,46.4,44.75,45.95,0.017
1527,鑽全,688937,31026525,45,45.5,44.5,45.4,0.0105
1528,恩德,660742,6432694,9.6,9.83,9.6,9.8,0.0027
1529,樂士,103000,1668000,16.55,16.55,16.1,16.15,-0.0005
1530,亞崴,37552,1294076,34.25,34.6,34.25,34.55,0.001
1531,高林股,84339,1169929,13.85,13.95,13.8,13.8,0.001
1532,勤美,458424,14703560,31.75,32.4,31.75,32.3,0.0075
1533,車王電,519029,27269276,52.8,53.3,51.6,53.1,0.014
1535,中宇,122170,4798905,39.3,39.55,38.8,39.25,0
1536,和大,935821,84869145,89.7,91.7,89.6,91.6,0.026
1537,廣隆,130162,18735117,143.5,144.5,143.5,144,0
1538,正峰,24873,308344,12.35,12.8,12.35,12.35,-0.001
1539,巨庭,20000,345450,17.3,17.6,17.1,17.6,0.006
1540,喬福,131294,2047225,15.55,15.7,15.4,15.7,0.003
1541,錩泰,39207,1878565,48,48.35,47.6,48.35,0.011
1558,伸興,127499,20815618,161.5,164.5,161.5,164,0.02
1560,中砂,240081,14925966,61.9,62.8,61.8,62.4,0.008
1568,倉佑,375581,9289925,24.8,25.2,24.3,24.9,0.007
1582,信錦,237649,19173151,80.9,81.3,80.3,80.6,0.008
1583,程泰,1000,62500,62.5,62.5,62.5,62.5,0.01
1587,吉茂,390404,10146912,26,26.65,25.6,26.3,0.0045
1589,永冠-KY,780496,56226928,71.5,73,71.4,71.8,0.01
1590,亞德客-KY,448743,450209065,1010,1035,993,998,0
1592,英瑞-KY,670984,1811136,2.71,2.74,2.62,2.71,0
1597,直得,812679,78422567,94,99,94,97.7,0.052
1598,岱宇,2180337,187787373,84.8,89,83.2,87.8,0.049
1603,華電,975210,28623791,29.9,30.5,28.5,29.4,0.003
1604,聲寶,842819,23776995,28.4,28.4,28,28.2,0.001
1605,華新,39235846,923059223,24,24.2,22.85,23.75,0.0035
1608,華榮,14626698,350384410,23.9,24.8,23.2,24.3,0.011
1609,大亞,21294311,533291303,25.35,25.6,24.5,25.3,0.0075
1611,中電,947730,10181151,10.65,10.9,10.55,10.8,0.0035
1612,宏泰,2726363,62613628,23.1,23.45,22.45,23.25,0.0055
1614,三洋電,119115,3923574,32.7,33.2,32.65,33,0.009
1615,大山,664862,24035548,35.7,36.9,35.3,36.55,0.0135
1616,億泰,2945529,26866295,9.1,9.69,8.69,9.16,0.0006
1617,榮星,545006,9688606,17.5,18.2,17.4,17.85,0.007
1618,合機,1631549,24838318,15.35,15.8,14.9,15.4,0.004
1626,艾美特-KY,79000,1921250,24.2,24.55,24.1,24.1,0.001
1701,中化,1497407,34695475,23.4,23.4,23.05,23.15,0.001
1702,南僑,2386732,130246858,54.5,55.8,53.5,54.9,0.019
1707,葡萄王,183202,30497498,165.5,167.5,165.5,166,0.015
1708,東鹼,1318205,34459488,25.9,26.45,25.75,26.15,0.0055
1709,和益,1311300,22982548,17.55,17.75,17.4,17.5,0.0005
1710,東聯,2898188,59304253,20.45,20.7,20.15,20.7,0.0055
1711,永光,12941357,231596458,17.5,18.2,17.4,17.8,0.0055
1712,興農,817752,17466710,21.3,21.55,21.25,21.4,0.0015
1713,國化,169697,3617203,21.6,21.7,20.95,21.7,0.005
1714,和桐,17893797,198551654,11.15,11.3,10.9,11,0.0005
1717,長興,24955307,1009649047,42.65,42.65,39.4,40,0.0105
1718,中纖,18251994,176302487,9.63,9.84,9.45,9.77,0.0036
1720,生達,1110318,43092746,38.75,38.95,38.7,38.8,0.001
1721,三晃,384459,3699512,9.61,9.75,9.46,9.65,0.001
1722,台肥,1328489,73666476,55.6,56.2,54.8,55.3,0.003
1723,中碳,188279,20242028,107.5,109.5,106,107.5,0.01
1724,台硝,79736,1260172,15.85,15.85,15.8,15.8,0
1725,元禎,49001,901468,18.25,18.55,18.2,18.4,0.004
1726,永記,34030,2481918,73.2,73.6,72.5,73.6,0.012
1727,中華化,60649,714801,11.9,11.9,11.7,11.8,0.001
1730,花仙子,177817,12465399,70.1,70.4,70,70.2,0.002
1731,美吾華,2118207,43245292,20.45,20.65,20.1,20.55,0.0015
1732,毛寶,5587958,238312585,45.4,45.4,41.85,41.85,-0.0465
1733,五鼎,278466,6624648,24,24.35,23.6,23.8,0.0015
1734,杏輝,2284038,71782333,31.95,32.15,30.85,31.75,0.004
1735,日勝化,120165,2122179,17.1,18.5,16.75,17.3,0.003
1736,喬山,1008178,76439148,73.5,77.6,73.3,76.5,0.043
1737,臺鹽,367168,11749187,31.8,32.2,31.8,32.1,0.003
1760,寶齡富錦,5193436,557152301,114.5,114.5,102,102,-0.105
1762,中化生,1613938,101932523,63.3,64.1,62.3,63.1,0.002
1773,勝一,246010,27523759,111,113.5,110,113.5,0.035
1776,展宇,44001,743917,16.7,17.75,16.55,16.7,0.0025
1783,和康生,1598469,51933325,32.3,33.95,31.3,33.95,0.018
1786,科妍,86105,4348375,50,51.5,50,50.7,0.01
1789,神隆,1369097,35757449,26.2,26.55,26,26.05,-0.0005
1795,美時,9127976,824791135,87.1,92.5,86.6,91,0.05
1802,台玻,75984187,2192870658,28.9,30,27.8,29.65,0.0185
1805,寶徠,223351,3007183,13.4,13.65,13.2,13.55,0.0025
1806,冠軍,3478133,38735566,10.8,11.5,10.75,11.4,0.007
1808,潤隆,105870,5481724,50.9,53.8,50.9,51.7,0.016
1809,中釉,1488442,19991403,13.45,13.65,13.1,13.6,0.005
1810,和成,2241312,24441233,10.45,11.35,10.45,11.3,0.009
1817,凱撒衛,70226,2472987,35.1,35.4,35,35.25,0.0005
1903,士紙,125419,6273903,49.5,50.6,49.5,50.2,0.01
1904,正隆,5055303,206156138,40.05,41.7,39.8,41.3,0.0135
1905,華紙,21468917,471291454,21.85,22.7,21.15,22.1,0.01
1906,寶隆,794020,14494461,17.95,18.65,17.85,18.3,0.0045
1907,永豐餘,8412823,285108171,33.5,34.95,32.4,34.2,0.0105
1909,榮成,15680932,337963680,21.35,22,21.05,21.8,0.009
2002,中鋼,398343003,14249589292,35.85,37.1,34.45,36.2,0.0105
2006,東和鋼鐵,18462856,868954116,48,48.45,45.4,47.9,0.01
2007,燁興,6612296,86843394,13.3,13.5,12.5,13.3,0.0035
2008,高興昌,680080,11306686,16.55,17.15,16.15,16.75,0.006
2009,第一銅,89824835,5412264784,60.7,62.4,58.3,60.5,0.023
2010,春源,11338940,224593630,19.95,20.4,19.1,20.1,0.0055
2012,春雨,1773133,45701116,25.45,26.65,24.95,25.9,0.0085
2013,中鋼構,1759981,71281005,40.5,41.15,39.8,40.75,0.007
2014,中鴻,304799956,13591953450,45,47.2,42.45,46.15,0.0315
2015,豐興,1134838,82320979,72.2,74,71.2,73.5,0.02
2017,官田鋼,9149464,181952026,20,20.8,19.05,19.85,0.006
2020,美亞,9782831,300161722,30.5,31.75,29.8,31.2,0.009
2022,聚亨,11857504,154695867,13.05,13.6,12.35,13.25,0.003
2023,燁輝,58948103,1192156873,20.65,21.1,19.55,20.4,0.0025
2024,志聯,133673,2165648,16.35,16.65,15.8,16.3,0.002
2025,千興,1427464,5561911,3.93,3.93,3.85,3.85,0.0013
2027,大成鋼,86116671,3428143613,40.2,40.95,38.45,40.3,0.008
2028,威致,3406760,105153357,31.5,32.15,29.3,31.45,0.011
2029,盛餘,5940030,177716405,29.8,31,28.9,30.85,0.0145
2030,彰源,8197106,147481748,18,18.45,17.45,18.25,0.0065
2031,新光鋼,28949289,1725018107,59.5,62.2,56.5,60.7,0.035
2032,新鋼,2532148,46524983,18.2,18.8,17.75,18.75,0.009
2033,佳大,3234252,50785853,15.25,16.55,14.8,16,0.009
2034,允強,7557566,220689529,29.1,29.8,28.5,29.8,0.012
2038,海光,35247570,1048234282,29.5,31.05,28.2,31.05,0.028
2049,上銀,3422600,1205434566,344,362,340,351.5,0.14
2059,川湖,100373,38334918,382,386,377.5,383,0.025
2062,橋椿,237000,6519400,26.95,27.75,26.95,27.7,0.0075
2069,運錩,2809101,63454426,22.6,23.2,21.75,22.9,0.005
2101,南港,1357120,50518754,37.1,37.8,36.95,37.1,0.005
2102,泰豐,23627077,636433615,25.2,27.4,24.75,26.4,0.012
2103,台橡,5832948,172399256,29.7,30.1,28.8,29.95,0.0095
2104,國際中橡,3381713,81889637,24,24.5,23.85,24.3,0.0055
2105,正新,8754307,387304799,44.45,45.25,43.9,44.35,0.0015
2106,建大,1645419,62129807,37.45,38.2,37.15,38.2,0.0115
2107,厚生,1585704,36951031,23.1,23.45,23,23.4,0.006
2108,南帝,16925152,2119611765,120,129.5,119,128,0.095
2109,華豐,884782,15699491,18.2,18.3,17.5,17.95,0.0005
2114,鑫永銓,65259,7700371,117.5,120,116.5,118,0.03
2115,六暉-KY,48431,2219353,45.9,46,45.45,45.9,0.0065
2201,裕隆,2679468,105150997,39.4,39.8,38.75,39.2,0.006
2204,中華,1319153,88437469,67.1,67.8,66.3,67.1,0.004
2206,三陽工業,1406659,39151990,27.85,28.15,27.5,28,0.006
2207,和泰車,197678,106789601,536,546,535,539,0.05
2208,台船,25293629,534557172,20.45,21.9,20.3,21.9,0.0195
2211,長榮鋼,852935,42823934,50.5,51.3,49.3,50.7,0.0155
2227,裕日車,59538,15667332,263,266,261.5,262,0.005
2228,劍麟,65404,4584335,71,71,69.5,70.1,0.001
2231,為升,371494,72689955,195,200,193,195,0.03
2233,宇隆,934116,93724356,101,101.5,99,101,0.032
2236,百達-KY,7106,169145,24.15,24.3,23.5,24.3,0.001
2239,英利-KY,275489,25300567,93.5,95.3,89,90.5,0.011
2241,艾姆勒,82060,4209386,51.4,51.8,51,51.4,0.006
2243,宏旭-KY,7000,69260,9.97,9.97,9.7,9.88,0.0037
2247,汎德永業,90080,19711482,221.5,221.5,217.5,219,0.01
2301,光寶科,3402354,214447013,63.3,63.6,62.5,63.1,0.005
2302,麗正,432575,7221311,16.75,17.05,16.4,16.7,0.003
2303,聯電,146240160,6927587864,47.75,48.2,46.85,46.95,0.0045
2305,全友,1191975,10027052,8.43,8.55,8.3,8.42,0.0022
2308,台達電,8708261,2500899333,285.5,289.5,283,289,0.08
2312,金寶,20058113,262098199,13,13.3,12.85,13.05,0.003
2313,華通,7056647,249073429,35.95,36.2,35,35,-0.0045
2314,台揚,3329889,108079159,32.3,33.25,31.85,32.25,0.002
2316,楠梓電,599154,16857136,28.2,28.3,27.95,28.2,0.004
2317,鴻海,54294943,5915349127,108,110,108,109.5,0.035
2321,東訊,2350,16866,7.22,7.22,7.22,7.22,-0.0033
2323,中環,8267729,82122449,9.92,10.1,9.84,9.91,0.0016
2324,仁寶,74025581,1796833450,25.45,25.45,23.3,23.3,0.0015
2327,國巨,11523776,5389098547,487,487,457,458.5,0.15
2328,廣宇,9723733,361087173,36.65,37.7,36.3,37.5,0.0185
2329,華泰,7581388,119634867,15.8,16.1,15.5,15.95,0.005
2330,台積電,28009899,16016851343,572,577,568,573,0.06
2331,精英,3583415,85402835,23.8,24.3,23.4,24,0.0075
2332,友訊,2963798,55401439,18.55,18.95,18.5,18.85,0.005
2337,旺宏,22294286,857057426,38.45,39,37.7,38.8,0.012
2338,光罩,13947282,1009067355,74,74.8,70.9,71.6,0.006
2340,光磊,2002812,49300480,24.65,24.95,24.35,24.6,0.004
2342,茂矽,1491578,44401846,30.1,30.3,29.25,29.8,0.008
2344,華邦電,46755604,1344794396,28.95,29.15,28.4,28.9,0.0085
2345,智邦,1553510,461221944,298,303.5,291,295,-0.005
2347,聯強,3686035,214010719,57.9,58.9,57.7,58,0.007
2348,海悅,393467,36032891,92.7,92.8,90.7,92.3,0.011
2349,錸德,2419818,22669922,9.39,9.5,9.25,9.38,0.0018
2351,順德,3249457,271006332,84,85.6,81.1,82.8,0.025
2352,佳世達,8802509,254503878,29.05,29.2,28.5,28.9,0.0035
2353,宏碁,32962475,1024177578,31.2,31.85,30.5,30.9,0.0025
2354,鴻準,4509892,285332359,63.5,64.1,62.7,63.1,0.009
2355,敬鵬,1662165,43827580,26.4,26.8,25.8,26.55,0.005
2356,英業達,8532857,218402757,25.5,25.85,25.35,25.75,0.0045
2357,華碩,8806299,3468726960,402,408,388,392.5,-0.045
2358,廷鑫,681811,9375989,13.7,13.95,13.55,13.85,0.002
2359,所羅門,295459,4948950,16.65,16.9,16.65,16.8,0.002
2360,致茂,938766,174485037,188,192,183,183,-0.025
2362,藍天,472304,14099689,29.65,30.05,29.65,30,0.0035
2363,矽統,7240235,138431707,19.4,19.55,18.85,19.1,0.002
2364,倫飛,138002,452610,3.2,3.31,3.2,3.29,-0.0001
2365,昆盈,2813672,34232839,12.3,12.6,12,12.1,0.0005
2367,燿華,1942168,37831748,19.6,19.75,19.3,19.45,0.002
2368,金像電,17251038,881849286,51.1,52.6,49.95,51,0.0185
2369,菱生,3498034,54692260,15.75,16,15.4,15.6,0.0025
2371,大同,8910891,206840952,23.3,23.55,23,23.25,0.0025
2373,震旦行,40935,3749711,90.4,91.9,90.4,91.7,0.013
2374,佳能,875425,12790371,14.55,14.75,14.45,14.65,0.0035
2375,凱美,6232914,602704997,97,99.7,94.3,95.8,0.028
2376,技嘉,31946101,3173987213,103,104.5,95.6,99.6,-0.024
2377,微星,7971361,1308441061,167.5,171.5,160,164.5,-0.005
2379,瑞昱,2250359,1015815890,460,460,443,451.5,0.015
2380,虹光,1114459,12948316,11.65,12.15,11.4,11.5,0.0015
2382,廣達,10779059,960122353,88.7,90.8,88.4,88.8,0.004
2383,台光電,1366513,213940761,159.5,159.5,155,156.5,0
2385,群光,5793183,455425673,79.4,80.5,77.8,78.5,-0.004
2387,精元,2115049,115976580,53.2,56.6,52.9,56.3,0.036
2388,威盛,1560780,67833540,43.5,44.25,42.85,43.6,0.0105
2390,云辰,21150345,459413726,20.9,22.4,20.9,21.75,0.0045
2392,正崴,1083351,41912622,39,39.1,38.45,38.65,0.004
2393,億光,1870663,78566179,42.3,42.4,41.6,42,0.005
2395,研華,1075457,345435374,320.5,327,317.5,319,-0.035
2397,友通,4034,241044,59,60,59,60,0.014
2399,映泰,26592252,657868725,25.6,25.9,23.55,24.2,-0.004
2401,凌陽,10225651,271987406,26.8,27.2,26.15,26.5,0.0065
2402,毅嘉,1051832,16891003,16,16.3,15.8,16.15,0.005
2404,漢唐,703891,160104055,227.5,228.5,226.5,227.5,0.025
2405,浩鑫,940539,11000873,11.65,11.85,11.55,11.7,0.0025
2406,國碩,1940557,34803407,17.8,18.4,17.6,18,0.004
2408,南亞科,10953097,842944426,77.8,78.6,75.5,76.3,0.011
2409,友達,366027842,8042087186,22.5,22.8,21.35,21.7,-0.0015
2412,中華電,12701109,1447252095,113.5,114.5,113.5,114.5,0.01
2413,環科,823168,17658119,21.45,22,20.9,21.5,0.003
2414,精技,246887,6968986,28.25,28.4,28.05,28.35,0.0025
2415,錩新,1018794,36873298,36.65,36.85,35.25,36.05,0.006
2417,圓剛,5223952,229278075,45,45,43.35,43.95,0
2419,仲琦,453347,9183259,20.1,20.55,20.05,20.2,0.002
2420,新巨,199624,7220308,36.35,36.4,36,36.2,0.003
2421,建準,931165,38834484,41.2,42.1,41.2,42,0.0135
2423,固緯,92285,2168468,23.85,23.85,23.35,23.65,0.0035
2425,承啟,897667,26982025,30,30.7,29.05,30.7,0.012
2426,鼎元,3313550,79214497,24.15,24.2,23.45,24.1,0.009
2427,三商電,293385,3368933,11.55,11.7,11.3,11.45,-0.0005
2428,興勤,310642,47596239,154,155,151.5,152.5,0.035
2429,銘旺科,27000,434950,16,16.5,15.9,16.4,0.004
2430,燦坤,2430912,70074130,27.65,29.75,27.65,29.5,0.021
2431,聯昌,1025772,13311596,12.8,13.1,12.8,13.1,0.004
2433,互盛電,54125,2813620,51.8,52.4,51.7,51.7,0.005
2434,統懋,48192,1829567,38.45,38.6,37.5,37.65,-0.006
2436,偉詮電,17411611,1017797336,57,59.7,56.6,59.5,0.037
2438,翔耀,40880,439840,10.7,11,10.6,11,0.0035
2439,美律,641402,66430207,103.5,104.5,102.5,104,0.02
2440,太空梭,727511,12507382,17,17.5,16.5,17.4,0.0055
2441,超豐,2727026,183565982,66.3,68.3,66,67.7,0.02
2442,新美齊,1102465,11158839,10.1,10.3,9.96,10.15,0.0017
2443,億麗,120004,342648,2.93,2.93,2.85,2.85,0.0001
2444,兆勁,388007,4552777,11.75,11.8,11.55,11.75,0.003
2449,京元電子,7876634,318904928,40.9,41.2,40.15,40.4,0.002
2450,神腦,230178,7196843,30.85,31.9,30.8,31.4,0.0065
2451,創見,660872,45830258,69.7,69.8,68.7,69.5,0.009
2453,凌群,489291,12032673,24.4,24.8,24.05,24.6,0.004
2454,聯發科,13888295,13266103555,961,973,936,955,0.25
2455,全新,1293233,127991154,97.9,99.8,97.9,99.8,0.039
2456,奇力新,2450969,228179156,93.2,95,91.6,92.3,0.013
2457,飛宏,10492887,292284675,27.5,28.65,27.2,27.9,0.0125
2458,義隆,2767793,562834349,206.5,208,200.5,201.5,-0.01
2459,敦吉,58367,3105393,53.3,53.6,53,53,0.003
2460,建通,3051874,96249938,31.7,32.25,30.55,31.9,0.011
2461,光群雷,1480634,28832671,19.5,19.85,19.15,19.7,0.0055
2462,良得電,724683,22159107,30.3,31.2,30.05,31,0.007
2464,盟立,909567,37741002,41.8,42.2,41.2,41.45,0.003
2465,麗臺,3446593,150176223,43.4,45,42.6,43,0.0115
2466,冠西電,69000,2176350,31.45,31.7,31.35,31.6,0.0015
2467,志聖,496263,25000146,49.65,51,49.65,50.9,0.0195
2468,華經,190080,2554122,13.4,13.7,13.25,13.5,0.004
2471,資通,271055,7034815,25.7,26.45,25.3,26.15,0.0045
2472,立隆電,1449742,87056407,60,61.5,59,59.5,0.009
2474,可成,6557672,1221451129,195,195,181,181.5,0.04
2476,鉅祥,1355460,42104256,31.3,31.5,30.7,31.25,0.0055
2477,美隆電,929210,31648536,33.4,35,33.35,35,0.017
2478,大毅,1370514,89276358,65.5,67.1,64.1,64.2,0.007
2480,敦陽科,181192,12407119,68.5,68.8,68.2,68.3,0.002
2481,強茂,10794118,492401980,44.9,46.4,44.65,46.15,0.023
2482,連宇,163920,1791324,11.15,11.15,10.8,10.95,0.0015
2483,百容,100915,1946701,19,19.5,19,19.35,0.004
2484,希華,1769311,45053776,26,26,25.1,25.35,0
2485,兆赫,2384908,42941543,18.05,18.25,17.8,18,0.002
2486,一詮,2927899,78907208,26.5,27.4,26.25,27.3,0.014
2488,漢平,90424,2633930,29.3,29.35,29,29,0.0015
2489,瑞軒,11935111,186637754,15.5,16,15.25,15.75,0.0055
2491,吉祥全,4397550,107290701,22.9,24.6,22.7,24.6,0.022
2492,華新科,10396671,2025707372,196,202,190,192,0.025
2493,揚博,289093,10500698,36.8,36.8,36.2,36.3,0
2495,普安,3893763,76812530,19.3,19.9,19,19.9,0.018
2496,卓越,9330,545458,58.4,58.6,58,58.4,0
2497,怡利電,165044,4733158,28.65,29.15,28.1,28.3,0.004
2498,宏達電,9842845,341741473,34.3,35.35,34.25,34.65,0.0095
2501,國建,712213,13973205,19.5,19.8,19.45,19.6,0.0015
2504,國產,4944710,115861930,22.9,24,22.9,23.9,0.0135
2505,國揚,707791,21576664,30.55,30.85,30.35,30.45,0.001
2506,太設,344101,3517170,10,10.3,10,10.15,0.0015
2509,全坤建,623961,11950086,19,19.4,18.95,19.1,0.004
2511,太子,2091206,23721424,11.25,11.5,11.25,11.3,0.0015
2514,龍邦,131336,2233971,17,17.15,16.85,16.95,0.0025
2515,中工,7374594,65588205,8.98,8.98,8.78,8.92,0.0015
2516,新建,363842,1993268,5.38,5.6,5.29,5.6,0.0026
2520,冠德,2146322,78994632,36.75,37.1,36.5,36.85,0.006
2524,京城,12028,416965,35.05,35.05,34.45,34.45,0.002
2527,宏璟,520460,11795124,22.6,22.95,22.4,22.8,0.003
2528,皇普,26000,572900,22.55,22.55,21.65,21.7,0
2530,華建,533825,7323769,13.7,13.85,13.65,13.75,0.0025
2534,宏盛,5463896,107404026,19.3,19.8,19.2,19.6,0.0035
2535,達欣工,1118528,36854494,32.65,33.35,32.65,33.1,0.005
2536,宏普,117340,2494970,21.4,21.45,21.15,21.4,0.0025
2537,聯上發,424153,3736564,8.76,8.89,8.74,8.83,0.001
2538,基泰,465329,4456426,9.57,9.66,9.5,9.6,0.001
2539,櫻花建,146510,4630291,31.5,31.9,31.4,31.5,0.004
2540,愛山林,129480,9715959,74,75.4,73.6,74.4,0.008
2542,興富發,4660699,199151083,42.75,43.05,42.1,43,0.0085
2543,皇昌,301551,2200440,7.55,7.65,7.21,7.4,0
2545,皇翔,492560,19670357,39.9,40.1,39.75,40.1,0.0045
2546,根基,85579,4001430,46.5,47,46.5,47,0.0095
2547,日勝生,1967200,21345713,10.85,11,10.75,10.85,0.0015
2548,華固,466755,42345031,91.5,91.5,90.5,90.5,-0.001
2597,潤弘,485038,69940132,143,146.5,141.5,144.5,0.04
2601,益航,36932396,444239006,11.8,12.3,11.6,12.1,0.0055
2603,長榮,592334120,48780487121,81,84.7,80.1,84.7,0.077
2605,新興,39227519,963097037,23.8,25.65,23.45,25.1,0.0165
2606,裕民,42005415,2058059843,47.25,50.9,47,50.9,0.0455
2607,榮運,14414192,279846244,18.95,20,18.75,19.8,0.0135
2608,嘉里大榮,15797653,848448581,49.95,54.9,49.95,54.9,0.0495
2609,陽明,525852293,46931658114,87,91.8,86.9,91.8,0.083
2610,華航,91596943,1403448551,15.3,15.75,15.1,15.4,0.003
2611,志信,11896700,199669914,16.05,17.35,16.05,17,0.0115
2612,中航,5348695,217271216,39.5,42.15,38.85,41.8,0.0325
2613,中櫃,4028381,95335327,23,24.45,22.6,23.65,0.013
2614,東森,24161853,422304695,17.15,17.8,17,17.4,0.003
2615,萬海,73376940,8290558283,110,114,109.5,114,0.1
2616,山隆,613733,21954559,34.6,35,34.6,34.75,0.003
2617,台航,9521458,326245526,33.2,35.4,32.85,35.4,0.032
2618,長榮航,39756650,601694980,15.15,15.45,14.85,15.2,0.0035
2630,亞航,196160,3080076,15.45,16.1,15.3,15.65,0.004
2633,台灣高鐵,6351593,178451353,28.15,28.55,27.9,28.1,-0.0005
2634,漢翔,942029,25366379,26.75,27.2,26.75,26.9,0.003
2636,台驊投控,11182035,796872656,70.1,72.9,69.7,71.5,0.031
2637,慧洋-KY,78064162,5097134748,64,67.8,62.5,67.7,0.06
2642,宅配通,15488432,750099151,46.05,49.3,46.05,49.3,0.0445
2701,萬企,100415,1163727,11.5,11.75,11.5,11.5,0.0005
2702,華園,259023,4801970,18.3,18.95,18.2,18.6,0.0025
2704,國賓,33947,930531,27,27.7,27,27.65,0.009
2705,六福,189767,3036927,15.75,16.1,15.7,16.1,0.005
2706,第一店,116831,1559187,13.35,13.45,13.2,13.2,0.001
2707,晶華,267305,35896219,132.5,135.5,132.5,135.5,0.025
2712,遠雄來,4000,129100,32.85,32.85,32,32,0.008
2722,夏都,19452,528394,27.3,27.5,26.95,26.95,0.0005
2723,美食-KY,608723,90413412,149,153,145,145.5,-0.01
2727,王品,1079171,137382742,124,129.5,124,127.5,0.04
2731,雄獅,497083,39563508,77.1,80.6,77.1,80.1,0.03
2739,寒舍,36100,824600,22.85,23.1,22.6,22.85,0.0045
2748,雲品,34562,1358715,40,40,39,39,0.009
2801,彰銀,7956175,131904746,16.5,16.75,16.45,16.65,0.0025
2809,京城銀,2429690,97673854,40.25,40.65,39.9,40.5,0.008
2812,台中銀,4535502,51309383,11.3,11.4,11.25,11.35,0.001
2816,旺旺保,167959,3371789,19.95,20.3,19.9,20.2,0.004
2820,華票,1083032,17143638,15.75,15.9,15.75,15.8,0.0005
2823,中壽,6396621,152453057,23.8,24.15,23.6,23.7,0.0015
2832,台產,643245,12910850,20.1,20.25,19.95,20.05,0.001
2834,臺企銀,21580446,202713857,9.39,9.49,9.35,9.41,0.0006
2836,高雄銀,686830,7405559,10.7,10.85,10.7,10.8,0.0015
2838,聯邦銀,1285859,14827323,11.5,11.65,11.45,11.55,0.0015
2841,台開,616670,3882221,6.39,6.39,6.23,6.3,-0.0005
2845,遠東銀,3280393,34175342,10.35,10.45,10.35,10.45,0.0015
2849,安泰銀,106356,1546846,14.45,14.65,14.4,14.5,0.0025
2850,新產,175539,6960816,39.55,39.85,39.4,39.5,0.0015
2851,中再保,662697,16492669,24.9,25.15,24.7,24.75,0.001
2852,第一保,335209,4401832,13.1,13.2,12.95,13.2,0.002
2855,統一證,7482993,199709087,26.5,27,26.25,26.95,0.0105
2867,三商壽,3968844,35899231,9.01,9.16,8.96,9,0.0011
2880,華南金,7549916,136250330,18,18.2,17.9,18.05,0.002
2881,富邦金,57010771,4177057903,76.4,76.4,71.5,72,0.018
2882,國泰金,83602109,4568069301,54.8,56,53.2,54.2,0.009
2883,開發金,79222120,950992343,12.05,12.15,11.9,12.05,0.002
2884,玉山金,15564764,395516563,25.35,25.6,25.25,25.45,0.002
2885,元大金,20318856,502615519,24.75,25.1,24.4,24.65,0.002
2886,兆豐金,19912170,643809936,32.2,32.6,32.2,32.5,0.004
2887,台新金,29254847,425458210,14.5,14.7,14.4,14.6,0.0025
2888,新光金,63832784,594379556,9.3,9.41,9.22,9.31,0.0014
2889,國票金,6278282,105608410,16.85,17,16.7,16.85,0.0015
2890,永豐金,23964382,317397965,13.2,13.4,13.15,13.2,0.001
2891,中信金,70783943,1610811900,22.65,23.3,22.4,22.6,0.003
2892,第一金,11747277,255301774,21.7,22,21.6,21.65,0.001
2897,王道銀行,1749245,12028181,6.83,6.93,6.83,6.88,0.0005
2901,欣欣,122159,3590411,28.85,29.85,28.8,29.35,0.007
2903,遠百,951387,20491431,21.4,21.95,21.35,21.5,0.0005
2904,匯僑,69199,1983787,28.5,28.85,28.5,28.8,0.004
2905,三商,926621,19984698,21.45,21.9,21.4,21.5,0.0025
2906,高林,1246486,18959667,14.9,15.65,14.7,15.6,0.009
2908,特力,152581,3917078,25.2,25.9,25.2,25.9,0.009
2910,統領,7000,217300,31,31.3,30.7,31.1,0.0065
2911,麗嬰房,358223,2728084,7.58,7.78,7.45,7.61,0.0015
2912,統一超,1573974,423666542,269.5,273,267,268,-0.005
2913,農林,3423169,62506592,18.3,18.5,18,18.25,0.002
2915,潤泰全,3531035,289134044,82.2,82.8,81,82.2,0.011
2923,鼎固-KY,43335,1207081,27.15,28.55,27.15,27.55,0.0025
2929,淘帝-KY,279922,3728297,13.5,13.5,13,13,0
2936,客思達-KY,9000,200150,22.2,22.25,22.2,22.25,0.0005
2939,凱羿-KY,106104,3340078,31.1,31.8,30.8,30.8,-0.0095
3002,歐格,72109,845091,11.65,11.75,11.65,11.75,0.001
3003,健和興,2794613,178829004,62.8,64.9,62.8,64,0.026
3004,豐達科,54643,2732583,50,50.5,49.9,50.5,0.011
3005,神基,1229998,61569596,50.2,50.7,49.5,49.8,0.001
3006,晶豪科,31092598,3245890584,106,108,101.5,106.5,0.05
3008,大立光,435841,1273765590,2900,2950,2885,2920,0.7
3010,華立,415166,31578353,76,76.6,75.5,76.2,0.006
3011,今皓,339210,2551982,7.72,7.74,7.42,7.56,0.0028
3013,晟銘電,369300,4623532,12.65,12.75,12.4,12.55,0.001
3014,聯陽,18097399,2115194169,120.5,123.5,111.5,112.5,-0.025
3015,全漢,752563,31154436,41.2,41.75,41,41.5,0.0075
3016,嘉晶,2106560,131387986,62.8,63.8,61.4,62.3,0.005
3017,奇鋐,9097061,581708277,62,65.4,62,64.9,0.04
3018,同開,108198,1732398,15.65,16.25,15.65,16.1,0.0065
3019,亞光,2523492,190835009,75.3,76.8,74.1,76.2,0.023
3021,鴻名,158630,3217259,20.6,20.6,19.9,20.35,0.0065
3022,威強電,185734,8992348,48.95,49,47.9,48.4,0.007
3023,信邦,498729,121306729,243,246.5,240.5,243.5,0.02
3024,憶聲,1168988,14714323,12.65,12.75,12.4,12.75,0.0035
3025,星通,937133,23444673,24.75,25.4,24.7,25,0.007
3026,禾伸堂,10707105,1407119557,134,134,127,127.5,0.055
3027,盛達,3676624,83455934,21.8,23.1,21.2,23.1,0.021
3028,增你強,940372,26389406,28.2,28.35,27.7,28.1,0.005
3029,零壹,793899,35577259,44.8,45.1,44.5,44.8,0.0055
3030,德律,508598,28466382,55.9,56.3,55.7,56.1,0.005
3031,佰鴻,494080,8323660,16.95,17.15,16.6,17,0.005
3032,偉訓,175589,7033245,39.7,40.3,39.7,40.25,0.007
3033,威健,2592433,57853958,22.5,22.6,22.1,22.4,0.003
3034,聯詠,13629781,6392388477,472,478,462,470.5,0.105
3035,智原,10356376,624307891,60.7,61.6,59.2,59.8,0.01
3036,文曄,1398499,71205421,51.1,51.7,50.5,50.8,0.004
3037,欣興,40284589,3987363057,97.2,100.5,96.6,100.5,0.059
3038,全台,865624,16455639,18.85,19.2,18.85,19,0.0025
3040,遠見,180422,8620151,47.5,48.4,47.5,47.7,0.001
3041,揚智,2240068,53499831,23.9,24.3,23.4,24.05,0.0075
3042,晶技,7629505,707243971,94.6,94.7,91.7,92.3,0.001
3043,科風,162306,626003,4.07,4.07,3.7,3.98,0.0007
3044,健鼎,1357360,172420303,127,128,126.5,127,0.005
3045,台灣大,2506015,252328998,101,101,100,101,0.005
3046,建碁,122456,2787830,23.7,23.7,22.3,22.85,0.0075
3047,訊舟,860887,9336774,10.8,11.15,10.65,10.85,0.002
3048,益登,1931251,64687296,33.55,33.9,33.2,33.6,0.003
3049,和鑫,6694629,76845871,11.5,11.75,11.25,11.6,0.0045
3050,鈺德,686465,10200219,14.6,15.05,14.6,14.95,0.0065
3051,力特,953826,7437652,7.69,7.85,7.62,7.79,0.0017
3052,夆典,704153,8211813,11.6,11.8,11.5,11.65,0.0015
3054,立萬利,22433,465576,19.85,22.2,19.85,22.2,0.017
3055,蔚華科,301179,8087696,26.25,27.6,26.15,27.6,0.0165
3056,總太,420958,16344376,38.6,39,38.6,38.85,0.006
3057,喬鼎,622703,8868105,13.3,14.35,13.3,14.35,0.013
3058,立德,2943281,43547277,14.45,15.2,14.1,15,0.0095
3059,華晶科,14794243,477833013,31.6,32.9,31.55,32.5,0.012
3060,銘異,3461554,78127119,21.8,22.8,21.7,22.8,0.0205
3062,建漢,2277246,37050354,16,16.5,15.95,16.4,0.0055
3090,日電貿,1192640,61770719,52,52.7,51.3,51.4,0.007
3092,鴻碩,2164893,135372082,64.1,64.9,61.3,61.9,-0.001
3094,聯傑,1817519,58117508,31.35,32.85,31.25,31.6,0.0085
3130,一零四,1188,195261,164,164,164,164,0.01
3138,耀登,1813235,297567305,156.5,165.5,156.5,165.5,0.15
3149,正達,3848270,122452892,31.2,32.9,30.8,31.7,0.0145
3164,景岳,612264,15085202,25.2,25.25,24.4,24.4,-0.0025
3167,大量,210650,13072719,61.6,63.4,61,62,0.011
3189,景碩,13456317,1250112197,90.3,95.2,89.1,94.4,0.062
3209,全科,636952,17825076,28.3,28.3,27.8,28,0.0025
3229,晟鈦,42334,260902,6.13,6.25,6.12,6.2,0.001
3231,緯創,17675270,515889744,29.4,29.7,29,29.1,-0.001
3257,虹冠電,163157,11697802,72,72,71,71.9,0.01
3266,昇陽,113001,1381562,12.25,12.6,12.1,12.3,0.0025
3296,勝德,317200,6348392,20,20.85,19.5,20.25,0.0025
3305,昇貿,1243522,49057401,39.1,40.2,38.65,40.2,0.018
3308,聯德,66261,534287,7.97,8.33,7.96,8.17,0.0022
3311,閎暉,56201,1864932,33.5,33.6,33,33.45,0.0045
3312,弘憶股,1027640,19624360,19.1,19.4,18.7,19.3,0.0065
3321,同泰,236956,2864480,12.05,12.2,11.85,12.15,0.0035
3338,泰碩,347194,15732753,45.65,45.9,44.85,45.3,0.0075
3346,麗清,1004604,42284066,41.8,42.65,41.55,42.2,0.0135
3356,奇偶,461373,12442967,26.9,27.3,26.6,27.05,0.008
3376,新日興,873315,93229753,109,109,105.5,107,0
3380,明泰,1425145,37700385,26.5,26.95,26.1,26.5,0.0065
3383,新世紀,44000,197910,4.56,4.56,4.49,4.49,0.0014
3406,玉晶光,2312759,959100519,416.5,422.5,408,413.5,0.1
3413,京鼎,1625948,352757830,219,222,213.5,218,0.045
3416,融程電,69003,4972416,71.9,72.4,71.7,72.1,0.008
3419,譁裕,969164,17384811,17.75,18.25,17.5,18.1,0.01
3432,台端,87016,1113522,12.9,12.9,12.6,12.9,0.002
3437,榮創,3720298,105768724,28.45,29.9,27.7,28.35,0.01
3443,創意,2386574,808263505,335.5,343,333,340.5,0.155
3450,聯鈞,366807,19875747,53.5,54.8,53.5,54.1,0.01
3454,晶睿,77050,5858978,75.9,77.5,75.8,76.3,0.016
3481,群創,535934256,11212988353,21.4,21.75,20.4,20.7,-0.001
3494,誠研,1515000,4836310,3.38,3.5,3.16,3.18,-0.0033
3501,維熹,94374,4552043,48.1,48.85,48,48.35,0.0055
3504,揚明光,623707,44143533,68.3,72.5,68.3,71.9,0.035
3515,華擎,573061,87484514,153.5,155.5,151,153,0.015
3518,柏騰,75129,1912388,25.5,25.95,25,25.35,0.0035
3528,安馳,40290,1834611,45.1,46.05,45.1,45.5,-0.001
3530,晶相光,816918,79147816,98,98.5,95.2,96.6,0.016
3532,台勝科,1173382,184609604,159,161,153.5,157,0
3533,嘉澤,2258769,1242636222,534,568,530,556,0.37
3535,晶彩科,286391,4693070,16.45,16.65,16.1,16.25,0.0025
3536,誠創,118067,945178,8,8.1,7.95,8.1,0.0001
3543,州巧,116002,3183210,28.2,28.2,27.05,27.5,-0.003
3545,敦泰,34458153,5939216666,175,177,168,176,0.07
3550,聯穎,282002,4925884,17.25,17.6,17.25,17.55,0.0035
3557,嘉威,136822,11186229,80.7,83.8,80.7,83,0.026
3563,牧德,245533,56438444,226.5,234.5,225.5,231,0.1
3576,聯合再生,19480569,249637851,12.95,13.1,12.65,12.8,0.0025
3583,辛耘,348306,20258904,57.2,58.8,57.2,58.5,0.024
3588,通嘉,450406,28688224,63,64.7,62.8,63.8,0.018
3591,艾笛森,240588,4414008,18.3,18.65,18.1,18.3,0.005
3593,力銘,63698,903411,14.35,14.4,13.9,14.4,0.001
3596,智易,1612277,149375432,91.4,93.5,91.4,92.9,0.02
3605,宏致,1141194,46204845,40,40.95,39.85,40.75,0.013
3607,谷崧,285164,3790703,13.35,13.6,13,13.45,0.005
3617,碩天,31011,2530398,81.8,82.3,81.2,81.5,-0.001
3622,洋華,442754,14032379,32,32.25,31.3,31.75,0.0095
3645,達邁,448882,19389487,43,43.55,42.6,43.3,0.0115
3653,健策,1119338,298680070,269.5,274,262,264,-0.015
3661,世芯-KY,5011167,2192578701,424.5,454.5,418.5,454.5,0.41
3665,貿聯-KY,2132395,461547933,220,221,213,218,0.025
3669,圓展,2338594,195932597,85.6,85.8,82.6,83.6,0.001
3673,TPK-KY,3370814,151537506,45.1,45.6,44.65,44.65,0.0045
3679,新至陞,156451,20001994,128,129,126.5,129,0.03
3682,亞太電,4108667,34174090,8.3,8.4,8.24,8.33,0.0012
3686,達能,672579,10280785,15.5,15.8,15.1,15.1,0
3694,海華,427278,9134097,21.3,21.7,21.2,21.45,0.0065
3701,大眾控,25240,361038,14.55,14.55,14.1,14.15,-0.004
3702,大聯大,3678873,181440002,49.7,49.9,48.9,49.45,0.0005
3703,欣陸,4938041,122123105,24.05,25.4,23.8,25.2,0.016
3704,合勤控,4195134,118591820,28.2,29.05,27.85,28.15,0.006
3705,永信,277565,11923638,43,43.3,42.8,43.05,0.001
3706,神達,2869520,78294917,27.25,27.55,27.1,27.3,0.003
3708,上緯投控,587173,67780088,117,118,114,115.5,0.005
3711,日月光投控,21623172,2299356634,108,110.5,104,105.5,-0.01
3712,永崴投控,463437,12282579,26.3,26.85,26.05,26.65,0.008
3714,富采,6124947,427135315,70.9,71.5,68.6,69.3,0.002
4104,佳醫,95113,5362789,56.6,56.7,56.2,56.4,0.002
4106,雃博,4375171,159961180,37.25,37.9,35.5,36.8,0
4108,懷特,478372,11894313,25,25.2,24.7,24.85,0.0005
4119,旭富,313273,26197670,82.5,84.6,82.5,84.6,0.018
4133,亞諾法,16866963,1227251153,74.1,75.5,69.6,71.7,-0.015
4137,麗豐-KY,159478,33588204,213,215,209,210,-0.005
4141,龍燈-KY,333057,3896824,11.8,11.95,11.45,11.65,0.0015
4142,國光生,17931633,1001778528,56.8,57.5,55.1,55.6,-0.007
4148,全宇生技-KY,19300,671942,35.3,35.4,34.5,34.5,0.005
4155,訊映,114400,2705893,23.7,23.8,23.55,23.6,0.001
4164,承業醫,130629,4582555,35,35.5,34.8,35,0.0025
4190,佐登-KY,81002,6073847,74.5,75.7,74.2,75.7,0.013
4306,炎洲,3131900,53324007,17,17.25,16.85,17.15,0.003
4414,如興,4325107,40834528,9.46,9.6,9.22,9.55,0.0026
4426,利勤,939308,22745034,23.65,24.95,23.55,24.65,0.015
4438,廣越,86185,10353291,118,122,118,121.5,0.04
4439,冠星-KY,32030,4667410,142,149,142,146,0.06
4526,東台,399813,6007970,14.9,15.35,14.8,15,0.002
4532,瑞智,841109,16637095,19.55,20,19.55,20,0.0065
4536,拓凱,200799,32056247,155,163,154.5,161,0.07
4540,全球傳動,308163,14890137,47.5,48.85,47.5,48.7,0.021
4545,銘鈺,330150,8462343,25.7,26.5,25,26,0.011
4551,智伸科,832515,141603022,162,176.5,162,172.5,0.115
4552,力達-KY,134935,3963340,28.75,29.85,28.75,29.7,0.011
4555,氣立,69033,3540474,51.4,51.7,50.5,51.3,0.004
4557,永新-KY,6172,391311,64,64,63.1,63.6,0.001
4560,強信-KY,192050,7820722,40.65,41.45,40.5,41.45,0.0095
4562,穎漢,74050,1436857,19.5,19.8,19,19.7,0.0045
4564,元翎,2370478,86972886,36.6,37.25,36.1,37,0.013
4566,時碩工業,118220,5470220,47,47.4,45.85,46.35,0.0035
4571,鈞興-KY,109001,14206129,132.5,132.5,129.5,130,0.02
4572,駐龍,8121,694236,85.1,86,84.5,86,0.015
4576,大銀微系統,448687,53873138,118.5,123,117,122,0.07
4581,光隆精密-KY,13000,479100,36.5,37.4,36.5,37.3,0.009
4720,德淵,483558,7087096,14.6,14.8,14.4,14.75,0.0035
4722,國精化,321851,10461881,32.5,32.8,32.2,32.8,0.0055
4737,華廣,36164,2641542,73.5,74.5,72,72.1,-0.008
4739,康普,676746,45136635,66,67.5,65.6,66.7,0.013
4746,台耀,32028524,2545641005,80.4,81.8,76.1,81.8,0.074
4755,三福化,42131,2586167,61.4,61.9,61,61.2,0.008
4763,材料-KY,749505,80827763,112,112,105.5,107,0
4764,雙鍵,7000,399900,57.8,57.8,56.5,57.2,0.012
4766,南寶,37009,5425808,146,148,145.5,147,0.02
4807,日成-KY,16099,392353,24.9,24.9,24.1,24.65,-0.0025
4904,遠傳,2609934,168162232,64.5,64.9,64.1,64.6,0.004
4906,正文,1519827,43666205,28.8,29,28.5,28.75,0.0035
4912,聯德控股-KY,419656,72371832,172,176,170,172,0.035
4915,致伸,1610511,82221228,51.1,51.9,50.7,51,0.005
4916,事欣科,119664,2599361,21.7,22,21.3,21.85,0.008
4919,新唐,10208720,657050556,64.8,65.6,63.5,64,0.011
4927,泰鼎-KY,2160318,112550238,51.7,53.2,50.8,52.4,0.02
4930,燦星網,452311,10593148,23.55,23.75,23,23.45,0.0065
4934,太極,602631,13554095,22.95,23.05,22.2,22.3,0.002
4935,茂林-KY,434945,38285640,87.1,88.6,87.1,88.5,0.027
4938,和碩,10448251,758417794,72.9,73.2,72.1,72.5,0.004
4942,嘉彰,673150,27770480,41.45,41.55,40.85,41.45,0.003
4943,康控-KY,736353,40874250,55.8,56.5,54,56.5,0.025
4952,凌通,325301,15495657,47.95,48.4,47.15,47.8,0.0095
4956,光鋐,997752,21205187,21.4,21.7,20.9,21.2,0.004
4958,臻鼎-KY,3033056,278975033,92.2,93.1,91.4,91.8,0.007
4960,誠美材,10566698,123509923,11.8,11.95,11.4,11.8,0.003
4961,天鈺,26882384,6710504999,253,259,242,251,0.01
4967,十銓,9089930,452773758,49.2,50.8,48.55,50.1,0.0215
4968,立積,1871589,874704801,470,475.5,461,462.5,0.02
4976,佳凌,6303732,439684008,68.7,70.8,68.1,70,0.025
4977,眾達-KY,474686,42713416,89.5,91.3,89.1,90.2,0.032
4989,榮科,1631311,60078276,37,37.75,36,37.05,0.0115
4994,傳奇,64161,4236532,65.5,67.6,65.3,65.6,0.003
4999,鑫禾,334174,15966810,47.45,48.15,47.3,47.75,0.0105
5007,三星,175995,10583682,60.2,60.5,59,60.4,0.005
5203,訊連,216874,18466671,83.1,86,83.1,85.3,0.03
5215,科嘉-KY,725596,77814810,107.5,109.5,105,108.5,0.035
5225,東科-KY,10000,186600,18.7,18.8,18.5,18.7,0
5234,達興材料,85100,7428550,85.6,87.8,85.6,87.8,0.015
5243,乙盛-KY,2543542,146629474,57.3,58.5,56.8,58.2,0.024
5258,虹堡,656844,13979888,20.6,21.7,20.6,21.5,0.009
5269,祥碩,1086060,1395392630,1295,1320,1255,1280,0.35
5283,禾聯碩,105807,12307643,116,117.5,115.5,117,0.025
5284,jpp-KY,15000,636150,42.8,43,42.2,42.75,0.0075
5285,界霖,212552,13492258,63.9,64.5,62.5,64,0.011
5288,豐祥-KY,39000,5360500,137.5,139.5,136.5,137.5,0.015
5388,中磊,3971652,267890548,68.2,68.2,65.3,66.2,0.042
5434,崇越,424859,54419996,129,129,127.5,128,0.005
5469,瀚宇博,3610766,157429756,43.8,44.25,43.15,43.6,0.002
5471,松翰,2785769,245067590,88.6,89.8,87.2,88.1,0.011
5484,慧友,92829,1312434,14.1,14.25,14,14.1,0.0025
5515,建國,567674,7217727,12.65,12.85,12.6,12.75,0.0015
5519,隆大,2210038,48123780,21.85,22.15,21.5,21.85,0.0035
5521,工信,1756500,16384239,9.25,9.44,9.24,9.42,0.0021
5522,遠雄,532354,28825452,53.5,54.6,53.5,54.6,0.016
5525,順天,218387,5390121,24.55,25.1,24.4,24.8,0.0025
5531,鄉林,1883614,21463937,11.3,11.7,11.05,11.45,0.0025
5533,皇鼎,49100,795260,16,16.45,16,16.1,0.003
5534,長虹,279299,21804096,77.7,78.7,77.7,78.2,0.004
5538,東明-KY,66000,2762650,41.75,42.5,41.3,41.95,0.0045
5546,永固-KY,103953,7888841,75.9,76.5,75,76.5,0.021
5607,遠雄港,687313,20257756,29.1,29.95,29.05,29.65,0.0075
5608,四維航,50140386,1469267248,28.3,30.25,28.2,30.25,0.0275
5706,鳳凰,483496,16961551,34,35.7,34,35.15,0.0135
5871,中租-KY,2850845,582582155,202.5,206.5,201.5,205.5,0.035
5876,上海商銀,6887102,305018851,43.5,44.6,43.45,44.35,0.01
5880,合庫金,8947574,185162108,20.65,20.8,20.6,20.75,0.003
5906,台南-KY,1002,43987,43.9,43.9,43.9,43.9,0.005
5907,大洋-KY,207000,3927650,18.95,19.4,18.75,19,0.0025
6005,群益證,16702211,274382928,16.25,16.7,16.15,16.65,0.0055
6024,群益期,561182,23643933,41.8,42.5,41.8,42.35,0.0105
6108,競國,343525,6391539,18.3,18.95,18.25,18.85,0.008
6112,聚碩,125596,5087002,40.45,40.65,40.4,40.6,0.0025
6115,鎰勝,93516,4023029,43,43.35,42.8,42.95,0.003
6116,彩晶,235832633,4598049808,19.5,20.35,18.95,19.2,0.004
6117,迎廣,12004,187220,15.4,15.9,15.4,15.8,-0.002
6120,達運,2826955,36038710,12.9,13.2,12.4,12.85,0.0035
6128,上福,36365,894906,24.45,24.75,24.45,24.65,0.0015
6133,金橋,129046,1155793,8.81,9.1,8.81,8.95,0.0024
6136,富爾特,109827,1894688,17.3,17.35,17.15,17.2,0.0005
6139,亞翔,404354,11104560,27.6,27.85,27.2,27.6,0.003
6141,柏承,269485,7050457,26.1,26.6,25.85,26.2,0.006
6142,友勁,819017,9708066,11.9,12,11.55,11.95,0.0045
6152,百一,588624,5807602,9.83,9.97,9.71,9.84,0.0024
6153,嘉聯益,4859785,138688013,28.15,29.2,27.95,29,0.014
6155,鈞寶,1440159,35834704,24.7,25.3,24.05,24.7,0.01
6164,華興,427562,4088771,9.63,9.7,9.47,9.51,0.0016
6165,浪凡,188110,5895446,30.85,31.9,30.65,31.45,0.006
6166,凌華,104202,6101016,58.7,58.9,58.2,58.2,0.002
6168,宏齊,1632054,30501457,18.7,19.05,18.45,18.8,0.0045
6172,互億,116854,4036196,34.2,34.95,34.1,34.95,0.0085
6176,瑞儀,2165941,251864618,117,118,115.5,116.5,0.005
6177,達麗,503368,14321370,28.35,28.75,28.2,28.5,0.0035
6183,關貿,122391,5987729,49.4,49.6,48.6,49,-0.002
6184,大豐電,135020,5968434,44.1,44.35,44.05,44.3,0.0045
6189,豐藝,296222,11720344,39.65,39.8,39.45,39.55,0.0005
6191,精成科,4798267,140461948,29.5,29.7,28.85,29.25,0.005
6192,巨路,90650,6184464,67.8,68.5,67.8,68.3,0.008
6196,帆宣,326586,31272733,96,96.6,95.2,95.4,0.008
6197,佳必琪,295969,10806987,36.5,36.8,36.25,36.4,0.0015
6201,亞弘電,40002,1816992,45.3,45.95,45.15,45.2,0.003
6202,盛群,1140121,101752829,89,90.5,88.4,89.3,0.01
6205,詮欣,166119,5118941,30.45,31.15,30.45,30.85,0.005
6206,飛捷,145174,8878924,61.2,61.5,61,61.5,0.006
6209,今國光,1084754,33821750,30.7,31.7,30.6,31.6,0.014
6213,聯茂,911497,111222870,122.5,124,120.5,121.5,-0.005
6214,精誠,386314,33264263,86.2,87,85.5,86.4,0.007
6215,和椿,738176,15240572,20.45,21.1,20.2,20.85,0.009
6216,居易,142487,3569669,24.85,25.2,24.85,25.15,0.003
6224,聚鼎,592978,62541107,105,106.5,104,106,0.04
6225,天瀚,1008,3985,3.96,3.96,3.96,3.96,0.0026
6226,光鼎,586519,5112334,8.62,8.85,8.6,8.7,0.001
6230,尼得科超眾,110620,23415115,208,214,208,212.5,0.045
6235,華孚,630036,11052350,17.55,17.8,17.35,17.6,0.0045
6239,力成,2792854,285275528,103,104,100.5,102,0
6243,迅杰,1061070,16900819,15.5,16.35,15.45,16.1,0.0095
6251,定穎,2784827,48959707,17.5,17.9,17.35,17.6,0.0055
6257,矽格,1884501,90617956,48.2,48.6,47.75,47.85,0.0025
6269,台郡,1124306,127854147,114,115.5,113,113,0
6271,同欣電,1325721,219931875,164.5,168,163.5,167.5,0.065
6277,宏正,92109,7629335,82.5,83.9,82.5,82.8,0.003
6278,台表科,2252267,238767437,106.5,108,104.5,105.5,0.025
6281,全國電,57267,4636353,80.9,81.3,80.5,80.8,0.007
6282,康舒,2343672,59730967,25.4,25.75,25.3,25.5,0.0035
6283,淳安,3210800,144798371,42.3,45.85,42.3,45.85,0.0415
6285,啟碁,1148023,73641108,63.7,65.2,63.1,63.9,0.01
6288,聯嘉,782154,19575207,24.8,25.4,24.5,25.1,0.007
6289,華上,17245,55691,3.24,3.24,3.23,3.23,0.0014
6405,悅城,350000,8846700,24.8,25.6,24.8,25.4,0.009
6409,旭隼,177761,197352405,1090,1135,1090,1115,0.15
6412,群電,315371,21069341,66.8,67.5,66.5,66.7,0
6414,樺漢,601105,114672091,191.5,194,189.5,190,0.01
6415,矽力-KY,454684,1405283150,3050,3240,3020,3045,0.7
6416,瑞祺電通,1446173,159247936,109,112.5,107,112,0.07
6426,統新,110310,8589656,77.5,79,76.7,78.2,0.016
6431,光麗-KY,14003,425539,30.1,31.15,30.1,31.05,0.008
6438,迅得,582419,51729272,88.5,89.8,87.8,89.1,0.018
6442,光聖,33405,1085536,32,33.35,31.75,32.05,0.0035
6443,元晶,10868672,336638189,31,31.85,30.5,30.85,0.0035
6449,鈺邦,175181,10267557,58.2,59.9,57.8,58.8,0.012
6451,訊芯-KY,752757,79817826,106.5,107.5,104.5,105.5,0.02
6456,GIS-KY,2064833,195536254,93.9,95.5,93.8,94.9,0.027
6464,台數科,10112,1100808,109,109.5,108.5,108.5,0.005
6477,安集,6677424,282095986,43,43.5,41.6,41.95,-0.0025
6491,晶碩,1265912,611490134,459.5,490.5,459.5,490.5,0.445
6504,南六,1424916,235395266,166,168,162.5,168,0.025
6505,台塑化,2756865,271369101,97.5,100.5,96.5,98.2,0.009
6515,穎崴,196203,47387050,237.5,249,235,249,0.205
6525,捷敏-KY,162928,11935811,72.9,73.9,72.6,73.5,0.015
6531,愛普,5462008,3317665579,607,625,592,603,0.15
6533,晶心科,2215618,842426165,390,395,372,376,0.01
6541,泰福-KY,569848,32823475,56.9,58.6,56.4,58,0.019
6552,易華電,127143,6253843,50,50,48.6,49.5,0.009
6558,興能高,363000,13966550,39.05,39.25,38.05,38.3,0.003
6573,虹揚-KY,231094,3564057,15.1,15.7,15.1,15.55,0.007
6579,研揚,6000,381800,63.5,63.7,63.5,63.7,0.005
6581,鋼聯,31509,2157709,68.1,68.6,68.1,68.5,0.004
6582,申豐,2162013,586626299,264.5,278.5,261.5,271.5,0.125
6591,動力-KY,345903,21177374,61.5,61.8,60.4,61.8,0.018
6592,和潤企業,1239743,99633437,80.1,81,79.8,80.3,0.002
6598,ABC-KY,2136638,114409485,55.5,55.5,51.8,52.2,-0.017
6605,帝寶,177388,9651531,55,55,53.8,55,0.013
6625,必應,21248,612644,29.75,29.75,28,28.8,0.0055
6641,基士德-KY,8182,554748,68.7,68.7,67.3,67.6,0.006
6666,羅麗芬-KY,11004,863912,81,81,77.7,77.9,0.005
6668,中揚光,567001,34937917,61.5,62.4,60.3,62.1,0.023
6669,緯穎,547329,458478485,830,855,829,835,0.08
6670,復盛應用,654831,142428551,216,220.5,214,218,0.04
6671,三能-KY,24001,1142597,47.2,48,47.2,47.5,0.005
6672,騰輝電子-KY,932090,83372500,89,90.3,88.6,89.1,0.016
6674,鋐寶科技,68000,1827850,26.9,27.6,26.5,26.6,0.0015
6698,旭暉應材,137239,5362836,38.9,40.3,38.5,39.8,0.009
6706,惠特,1016441,146228504,144.5,146,141.5,145,0.04
6715,嘉基,40002,4342713,108.5,109.5,108,108,0
6743,安普新,333011,35165316,104,107.5,104,106,0.03
6754,匯僑設計,87001,3874344,44.5,44.7,44.3,44.55,0.008
6756,威鋒電子,262469,59723848,224.5,230,224.5,228,0.07
6768,志強-KY,314102,20386170,64.5,65.4,64.4,65.3,0.013
6776,展碁國際,143379,5575456,39.25,39.4,38.25,38.75,-0.0005
6781,AES-KY,440766,306437083,703,714,681,689,-0.03
8011,台通,691262,10971211,15.75,16.1,15.55,15.95,0.0045
8016,矽創,6323271,1498526921,239,243,230.5,240,0.055
8021,尖點,1708021,63550434,36.6,37.7,36.55,37.55,0.015
8028,昇陽半導體,471259,20386078,43.2,43.85,42.5,43.85,0.015
8033,雷虎,737718,10735401,14.4,14.85,14.25,14.8,0.0075
8039,台虹,414086,18923707,46.1,46.2,45.4,45.85,0.0065
8046,南電,15128535,4675063264,300,316.5,297.5,315,0.23
8070,長華*,3321462,107204372,31.6,32.8,31.5,32.6,0.015
8072,陞泰,37647,933177,23.8,25.45,23.8,25,0.0075
8081,致新,2871244,586052328,202.5,209.5,200,201.5,0.04
8101,華冠,137028,381404,2.7,2.8,2.7,2.71,0.0001
8103,瀚荃,893537,32667874,36.5,36.95,36,36.7,0.009
8104,錸寶,188215,8918067,47.2,47.8,46.7,47.55,0.01
8105,凌巨,2015390,25452638,12.8,12.95,12.4,12.55,0.0035
8110,華東,2730115,37074180,13.6,13.8,13.4,13.55,0.0025
8112,至上,3510508,134074637,38.35,38.55,37.8,38.4,0.006
8114,振樺電,12019,844747,70.1,70.8,70,70.8,0.015
8131,福懋科,314353,12033332,38,38.55,38,38.3,0.005
8150,南茂,3216984,136605836,42.45,43,41.85,42.35,0.0065
8163,達方,1124058,46549816,41.35,41.8,41.15,41.4,0.007
8201,無敵,34285,325637,9.32,9.8,9.32,9.8,0.005
8210,勤誠,517530,39486052,75.4,77.4,75,76.3,0.018
8213,志超,1581197,73463529,46.75,47,46.15,46.45,-0.001
8215,明基材,1741833,42777686,24.8,25.1,24.25,24.5,0.002
8222,寶一,113431,1376938,12.05,12.35,11.9,12.3,0.006
8249,菱光,357848,7686351,21.5,21.65,21.3,21.6,0.0045
8261,富鼎,3199528,185420961,57,59.2,56.4,59.1,0.033
8271,宇瞻,979930,40882984,41.65,42.3,41.3,41.85,0.008
8341,日友,61087,12804292,213,213,208.5,209,-0.005
8367,建新國際,418260,14584968,35.35,35.45,34,34.65,0.0035
8374,羅昇,137390,3492573,25.4,25.8,25,25.5,0.005
8404,百和興業-KY,3048657,141659866,44.1,47.7,44.05,47.7,0.043
8411,福貞-KY,36348,512109,14.05,14.25,14,14.05,0
8422,可寧衛,245164,41757385,170.5,171.5,169.5,170,0
8427,基勝-KY,13200,665460,50.2,52.1,50,50.3,-0.011
8429,金麗-KY,1760088,17880173,10.25,10.65,9.92,9.92,-0.0007
8442,威宏-KY,137000,5221650,38.85,39.35,37.6,38,-0.007
8443,阿瘦,140930,1523152,10.6,11,10.6,10.85,0.0025
8454,富邦媒,766712,895990600,1215,1255,1110,1160,-0.55
8462,柏文,53573,7340330,138,138.5,136,138.5,0.025
8463,潤泰材,126004,4599394,36,37.05,35.9,36.95,0.012
8464,億豐,595449,238546212,392,405,392,397,0.06
8466,美吉吉-KY,204375,10655906,52.4,53.4,51.5,53.4,-0.003
8467,波力-KY,3000,119300,39.5,40,39.5,40,0.0065
8473,山林水,1555025,68827871,42.25,45.8,42,44.95,0.0325
8478,東哥遊艇,14348,702560,49.2,49.8,48.7,49.6,0.014
8480,泰昇-KY,10000,1084000,109,109,107.5,109,0
8481,政伸,16119,1267851,78.2,79,78.2,78.8,0.015
8482,商億-KY,108000,7808000,72,73,72,72.1,0.01
8488,吉源-KY,4004,60266,15.05,15.1,15,15.1,0.001
8499,鼎炫-KY,122157,15844492,128,131.5,128,131,0.04
8926,台汽電,875448,34095337,39.2,39.25,38.55,38.95,0
8940,新天地,10888,122989,11.15,11.4,11.15,11.4,0.0025
8996,高力,135023,5849195,43.4,43.95,42.85,43.3,0.01
9103,美德醫療-DR,17696893,488025300,28.9,28.9,27,27,-0.03
9105,泰金寶-DR,12042032,52497354,4.31,4.44,4.31,4.33,0.0008
9110,越南控-DR,118300,338725,2.77,2.95,2.77,2.84,0
9136,巨騰-DR,183000,1606670,8.9,8.9,8.74,8.89,0.0002
9188,精熙-DR,86000,250080,2.97,2.97,2.9,2.9,-0.0001
9802,鈺齊-KY,460381,50797744,110.5,111.5,109,111,0.02
9902,台火,570222,6955241,12.3,12.35,12,12.25,0.003
9904,寶成,14352307,517390614,36.15,36.7,35.4,36.1,0.004
9905,大華,387231,9727935,25,25.4,24.9,25.2,0.0035
9906,欣巴巴,74125,2996781,39.9,42,39.9,42,0.0115
9907,統一實,4839537,61959176,12.7,13.05,12.6,12.9,0.0045
9908,大台北,23254,775733,33.3,33.5,33.25,33.4,0.0015
9910,豐泰,1237542,266696246,212,220,209,215,0.03
9911,櫻花,133100,8562249,64,64.8,64,64.2,0.002
9912,偉聯,61456,550464,8.88,9,8.74,9,0.0028
9914,美利達,671373,204282959,308,310,300.5,304,0
9917,中保科,195027,17870958,91.2,92.1,91.2,91.7,0.005
9918,欣天然,15233,591867,38.85,39,38.75,38.8,0.001
9919,康那香,21755284,818705304,39,39,36.55,37.8,-0.017
9921,巨大,448647,144521860,327,328,317.5,318.5,-0.02
9924,福興,117018,5126179,43.5,44,43.5,43.75,0.0035
9925,新保,282978,10845298,38.1,38.45,38.1,38.45,0.0035
9926,新海,1213,57777,47.65,47.65,47.65,47.65,0.001
9927,泰銘,459547,13938622,30.35,30.6,30.1,30.35,0.004
9928,中視,25077,140445,5.6,5.6,5.6,5.6,0
9929,秋雨,34254,393845,11.35,11.6,11.35,11.6,0.0025
9930,中聯資源,81294,3723780,45.55,46,45.55,46,0.005
9931,欣高,3045,122436,40.5,40.5,39.85,39.85,0
9933,中鼎,1312451,48096324,36.9,37,36.4,36.65,0
9934,成霖,519580,8321044,16,16.15,15.9,16.05,0.001
9935,慶豐富,471219,10300599,22.1,22.15,21.5,21.85,0.0045
9937,全國,6028,285532,47,47.55,47,47.4,0.004
9938,百和,752444,68814089,90.8,92.7,90.1,91.6,0.018
9939,宏全,687642,48169199,70.4,70.6,69.4,70.2,0.004
9940,信義,430341,12969711,30.2,30.45,29.95,30.3,0.0025
9941,裕融,741607,96669056,130,132,128.5,131.5,0.02
9942,茂順,205808,17549903,84.5,86.2,84.2,85.9,0.02
9943,好樂迪,179602,11028643,60.5,62,60.5,61.5,0.007
9944,新麗,811271,17303121,21.6,21.65,21.05,21.45,0.0015
9945,潤泰新,3876029,199641869,51.5,51.8,51.1,51.7,0.007
9946,三發地產,159944,2319167,14.2,14.6,14.2,14.45,0.002
9955,佳龍,481298,8763600,18.45,18.65,18,18.15,0.0015
9958,世紀鋼,1999245,205584531,104,104.5,101.5,104,0.025
